{
    "text": {
        "accent": "British English",
        "descriptionText": "British English (BrE) or Anglo-English is the standard dialect of English as used in Great Britain, as distinct from that used elsewhere. The forms of spoken English, however, vary considerably more than in most other areas of the world where English is spoken and so a uniform concept of British English is more difficult to apply to the spoken language. Most people in Britain speak with a regional accent or dialect, and only 2% of people speak Received Pronunciation, the accent traditionally regarded as standard for British English."
    },
    "assets": {
        "map": "https://anglotopia.net/wp-content/uploads/2015/06/After-seeing-countless-references-to-a-British-accent-this-is-for-the-education-of-non-British-Imgurians-Imgur.png"
    }
}