{
    "type": "APL",
    "version": "1.8",
    "license": "Copyright 2021 Amazon.com, Inc. or its affiliates. All Rights Reserved.\nSPDX-License-Identifier: LicenseRef-.amazon.com.-AmznSL-1.0\nLicensed under the Amazon Software License  http://aws.amazon.com/asl/",
    "theme": "dark",
    "import": [
        {
            "name": "alexa-layouts",
            "version": "1.5.0"
        }
    ],
    "mainTemplate": {
        "parameters": [
            "payload"
        ],
        "item": [
            {
                "type": "AlexaHeadline",
                "id": "PlantHeadline",
                "primaryText": "${payload.headlineTemplateData.properties.textContent.primaryText.text}",
                "headerBackButton": false,
                "headerAttributionPrimacy": true,
                "footerHintText": "${payload.headlineTemplateData.properties.hintText}",
                "backgroundImageSource": "${payload.headlineTemplateData.properties.backgroundImage.sources[0].url}",
                "backgroundColorOverlay": false,
                "speech": "${payload.headlineTemplateData.properties.welcomeSpeech}"
            }
        ]
    }
}