{
    "headlineTemplateData": {
        "type": "object",
        "objectId": "headlineSample",
        "properties": {
            "backgroundImage": {
                "contentDescription": null,
                "smallSourceUrl": null,
                "largeSourceUrl": null,
                "sources": [
                    {
                        "url": "https://www.nationsonline.org/maps/Physical-World-Map-3360.jpg",
                        "size": "large"
                    }
                ]
            },
            "textContent": {
                "primaryText": {
                    "type": "PlainText",
                    "text": "Welcome to World Accents"
                }
            },
            "hintText": "Try, \"Alexa, speak Southern.\"",
            "welcomeSpeechSSML": "<speak><amazon:emotion name='excited' intensity='medium'>Welcome to World Accents.</amazon:emotion></speak>"
        },
        "transformers": [
            {
                "inputPath": "welcomeSpeechSSML",
                "transformer": "ssmlToSpeech",
                "outputName": "welcomeSpeech"
            }
        ]
    }
}