{
    "type": "APL",
    "version": "1.8",
    "license": "Copyright 2021 Amazon.com, Inc. or its affiliates. All Rights Reserved.\nSPDX-License-Identifier: LicenseRef-.amazon.com.-AmznSL-1.0\nLicensed under the Amazon Software License  http://aws.amazon.com/asl/",
    "settings": {},
    "theme": "dark",
    "import": [
        {
            "name": "alexa-layouts",
            "version": "1.1.0"
        }
    ],
    "resources": [],
    "styles": {
        "bigText": {
            "values": [
                {
                    "fontSize": "60dp",
                    "textAlign": "center"
                }
            ]
        },
        "descriptionText": {
            "values": [
                {
                    "fontSize": "12dp",
                    "textAlign": "center"
                }
            ]
        }
    },
    "onMount": [],
    "graphics": {},
    "commands": {},
    "layouts": {},
    "mainTemplate": {
        "parameters": [
            "text",
            "assets"
        ],
        "items": [
            {
                "when": "${@viewportProfile != @hubRoundSmall}",
                "type": "Container",
                "items": [
                    {
                        "type": "Text",
                        "style": "bigText",
                        "paddingTop": "12dp",
                        "paddingBottom": "12dp",
                        "text": "${text.accent}"
                    },
                    {
                        "type": "AlexaImage",
                        "imageSource": "${assets.map}",
                        "imageScale": "best-fill",
                        "imageHeight": "50vh",
                        "imageAspectRatio": "standard_landscape",
                        "alignSelf": "center"
                    },
                    {
                        "text": "${text.descriptionText}",
                        "textAlign": "center",
                        "textAlignVertical": "center",
                        "type": "Text",
                        "style": "descriptionText",
                        "maxWidth": "500",
                        "paddingTop": "20",
                        "alignSelf": "center"
                    }
                ],
                "height": "100%",
                "width": "100%"
            },
            {
                "when": "${@viewportProfile == @hubRoundSmall}",
                "type": "Container",
                "items": [
                    {
                        "type": "Text",
                        "style": "bigText",
                        "paddingTop": "70dp",
                        "text": "${text.accent}"
                    },
                    {
                        "type": "AlexaImage",
                        "imageSource": "${assets.map}",
                        "imageScale": "best-fill",
                        "imageHeight": "40vh",
                        "imageAspectRatio": "standard_landscape",
                        "alignSelf": "center"
                    }
                ],
                "height": "100%",
                "width": "100%"
            }
        ]
    }
}