{
    "text": {
        "accent": "Southern",
        "descriptionText": "Southern American English or Southern U.S. English is a regional dialect[1][2] or collection of dialects of American English spoken throughout the Southern United States, though increasingly in more rural areas and primarily by White Southerners. In terms of accent, its strongest forms include southern varieties of Appalachian English and certain varieties of Texan English. Southern American English now comprises the largest American regional accent group by number of speakers."
    },
    "assets": {
        "map": "https://upload.wikimedia.org/wikipedia/commons/thumb/c/cb/Southern_dialect_map.png/600px-Southern_dialect_map.png"
    }
}