{
  "interactionModel": {
    "languageModel": {
      "invocationName": "world accents",
      "intents": [
        {
          "name": "AMAZON.CancelIntent",
          "samples": []
        },
        {
          "name": "AMAZON.HelpIntent",
          "samples": []
        },
        {
          "name": "AMAZON.StopIntent",
          "samples": []
        },
        {
          "name": "AMAZON.NavigateHomeIntent",
          "samples": []
        },
        {
          "name": "AMAZON.FallbackIntent",
          "samples": []
        },
        {
          "name": "CaptureAccentIntent",
          "slots": [
            {
              "name": "accent",
              "type": "ENGLISH_ACCENTS"
            }
          ],
          "samples": [
            "Speak in British English",
            "Speak in {accent} ",
            "{accent}",
            "Use {accent}",
            "Speak {accent}",
            "Speak Southern American English"
          ]
        },
        {
          "name": "CapturePhraseIntent",
          "slots": [
            {
              "name": "phrase",
              "type": "AMAZON.SearchQuery",
              "multipleValues": {
                "enabled": false
              }
            }
          ],
          "samples": [
            "can you say {phrase}",
            "say {phrase}"
          ]
        }
      ],
      "types": [
        {
          "values": [
            {
              "name": {
                "value": "British English",
                "synonyms": [
                  "british english",
                  "Anglo-English",
                  "Received Pronunciation",
                  "British"
                ]
              }
            },
            {
              "name": {
                "value": "Southern American English",
                "synonyms": [
                  "Rural White Southern English",
                  "Southern White Vernacular English",
                  "Southern English",
                  "Southern accent",
                  "Southern",
                  "Southern U.S. English"
                ]
              }
            }
          ],
          "name": "ENGLISH_ACCENTS"
        },
        {
          "values": [
            {
              "name": {
                "value": "tuesday"
              }
            },
            {
              "name": {
                "value": "The South will rise again."
              }
            },
            {
              "name": {
                "value": "I made you some sweet tea. Come get you some."
              }
            },
            {
              "name": {
                "value": "He’s something else."
              }
            },
            {
              "name": {
                "value": "Y’all are putting me on the spot."
              }
            },
            {
              "name": {
                "value": "That’s just not my thing."
              }
            },
            {
              "name": {
                "value": "He sure is poor."
              }
            },
            {
              "name": {
                "value": "My leg hurt."
              }
            },
            {
              "name": {
                "value": "My folks live way over yonder."
              }
            },
            {
              "name": {
                "value": "I haven’t seen my folks in a while."
              }
            },
            {
              "name": {
                "value": "I was driving through the center of Atlanta."
              }
            },
            {
              "name": {
                "value": "Yeah, we’re in downtown Raleigh"
              }
            },
            {
              "name": {
                "value": "The New Deal was a series of programs, public work projects, financial reforms, and regulations enacted in the United States."
              }
            },
            {
              "name": {
                "value": "he is obviously taking the metro by the river\u0027s side"
              }
            },
            {
              "name": {
                "value": "those damn liberals"
              }
            },
            {
              "name": {
                "value": "i like pizza"
              }
            }
          ],
          "name": "phrase"
        }
      ]
    },
    "dialog": {
      "intents": [
        {
          "name": "CaptureAccentIntent",
          "confirmationRequired": false,
          "prompts": {},
          "slots": [
            {
              "name": "accent",
              "type": "ENGLISH_ACCENTS",
              "elicitationRequired": true,
              "confirmationRequired": false,
              "prompts": {
                "elicitation": "Elicit.Slot.474978827595.954087564359"
              }
            }
          ]
        },
        {
          "name": "CapturePhraseIntent",
          "confirmationRequired": false,
          "prompts": {},
          "slots": [
            {
              "name": "phrase",
              "type": "AMAZON.SearchQuery",
              "elicitationRequired": true,
              "confirmationRequired": false,
              "prompts": {
                "elicitation": "Elicit.Slot.1292247695198.877796965798"
              }
            }
          ]
        }
      ],
      "delegationStrategy": "ALWAYS"
    },
    "prompts": [
      {
        "id": "Elicit.Slot.474978827595.954087564359",
        "variations": [
          {
            "type": "PlainText",
            "value": "What accent would you like me to speak?"
          }
        ]
      },
      {
        "id": "Elicit.Slot.1292247695198.877796965798",
        "variations": [
          {
            "type": "PlainText",
            "value": "Tell me a phrase you\u0027d like me to say, like this. Say lorem ipsum."
          }
        ]
      }
    ]
  },
  "version": "17"
}