{
  "manifest": {
    "apis": {
      "custom": {
        "endpoint": {
          "uri": "arn:aws:lambda:us-east-1:357170049376:function:6d781e79-63d1-4ec7-bb8b-e662c517bdaa:Release_0"
        },
        "interfaces": [
          {
            "supportedViewports": [
              {
                "maxHeight": 540,
                "maxWidth": 960,
                "minHeight": 540,
                "minWidth": 960,
                "mode": "TV",
                "shape": "RECTANGLE"
              },
              {
                "maxHeight": 599,
                "maxWidth": 599,
                "minHeight": 100,
                "minWidth": 100,
                "mode": "HUB",
                "shape": "ROUND"
              },
              {
                "maxHeight": 959,
                "maxWidth": 1279,
                "minHeight": 600,
                "minWidth": 960,
                "mode": "HUB",
                "shape": "RECTANGLE"
              },
              {
                "maxHeight": 1279,
                "maxWidth": 1920,
                "minHeight": 600,
                "minWidth": 1280,
                "mode": "HUB",
                "shape": "RECTANGLE"
              },
              {
                "maxHeight": 599,
                "maxWidth": 1279,
                "minHeight": 100,
                "minWidth": 960,
                "mode": "HUB",
                "shape": "RECTANGLE"
              },
              {
                "maxHeight": 1279,
                "maxWidth": 2560,
                "minHeight": 960,
                "minWidth": 1920,
                "mode": "HUB",
                "shape": "RECTANGLE"
              },
              {
                "maxHeight": 2560,
                "maxWidth": 1279,
                "minHeight": 1920,
                "minWidth": 960,
                "mode": "HUB",
                "shape": "RECTANGLE"
              },
              {
                "maxHeight": 1920,
                "maxWidth": 959,
                "minHeight": 320,
                "minWidth": 600,
                "mode": "MOBILE",
                "shape": "RECTANGLE"
              },
              {
                "maxHeight": 1920,
                "maxWidth": 1279,
                "minHeight": 320,
                "minWidth": 960,
                "mode": "MOBILE",
                "shape": "RECTANGLE"
              },
              {
                "maxHeight": 1920,
                "maxWidth": 1920,
                "minHeight": 320,
                "minWidth": 1280,
                "mode": "MOBILE",
                "shape": "RECTANGLE"
              }
            ],
            "type": "ALEXA_PRESENTATION_APL"
          }
        ],
        "regions": {
          "NA": {
            "endpoint": {
              "uri": "arn:aws:lambda:us-east-1:357170049376:function:6d781e79-63d1-4ec7-bb8b-e662c517bdaa:Release_0"
            }
          },
          "EU": {
            "endpoint": {
              "uri": "arn:aws:lambda:eu-west-1:357170049376:function:6d781e79-63d1-4ec7-bb8b-e662c517bdaa:Release_0"
            }
          },
          "FE": {
            "endpoint": {
              "uri": "arn:aws:lambda:us-west-2:357170049376:function:6d781e79-63d1-4ec7-bb8b-e662c517bdaa:Release_0"
            }
          }
        }
      }
    },
    "manifestVersion": "1.0",
    "publishingInformation": {
      "category": "KNOWLEDGE_AND_TRIVIA",
      "distributionCountries": [],
      "isAvailableWorldwide": true,
      "locales": {
        "en-US": {
          "description": "Sample Full Description",
          "examplePhrases": [
            "Alexa open hello world",
            "hello",
            "help"
          ],
          "keywords": [],
          "name": "alexaWorld",
          "summary": "Sample Short Description"
        }
      },
      "testingInstructions": "Sample Testing Instructions."
    }
  }
}